feature,importance
movement_reactions,0.56354815
shooting,0.15299289
assists,0.06946906
pace,0.049790587
minutes,0.04520422
apps,0.04235161
attacking_volleys,0.019816296
attacking_finishing,0.01915587
goals_per90,0.014633218
age,0.010346372
